Customer ID,Gender,Age,Income,Spending,Category
CUST0001,Male,34,115756,7729,Home Appliances
CUST0002,Female,26,80461,8425,Furniture
CUST0003,Male,50,95418,3238,Furniture
CUST0004,Male,37,86672,7793,Furniture
CUST0005,Male,30,148232,8364,Accessories
CUST0006,Female,45,54832,7942,Furniture
CUST0007,Male,65,147335,6821,Home Appliances
CUST0008,Male,46,51966,7102,Home Appliances
CUST0009,Male,30,92545,4325,Accessories
CUST0010,Female,63,32987,3078,Accessories
CUST0011,Male,52,57311,7473,Furniture
CUST0012,Male,23,51575,6007,Automotive
CUST0013,Male,35,83852,6197,Accessories
CUST0014,Male,22,147650,5756,Electronics
CUST0015,Female,64,21007,9084,Home Appliances
CUST0016,Male,42,90981,4359,Electronics
CUST0017,Female,19,96242,8386,Home Appliances
CUST0018,Female,27,67517,6001,Home Appliances
CUST0019,Female,47,130022,9425,Accessories
CUST0020,Male,62,49257,5017,Accessories
CUST0021,Female,22,107272,8529,Electronics
CUST0022,Male,50,62207,2630,Home Appliances
CUST0023,Female,18,33281,2060,Electronics
CUST0024,Female,35,81246,7145,Automotive
CUST0025,Female,49,21435,1148,Electronics
CUST0026,Female,64,118875,5872,Furniture
CUST0027,Female,28,120686,2629,Electronics
CUST0028,Female,38,111357,3064,Furniture
CUST0029,Female,43,46660,7237,Furniture
CUST0030,Female,42,25084,1063,Furniture
CUST0031,Male,39,102197,636,Automotive
CUST0032,Male,44,33507,7440,Electronics
CUST0033,Female,30,92595,7279,Electronics
CUST0034,Female,50,103807,8067,Automotive
CUST0035,Female,51,65539,8834,Home Appliances
CUST0036,Male,58,135953,945,Accessories
CUST0037,Female,52,27491,5877,Electronics
CUST0038,Male,18,147706,3136,Accessories
CUST0039,Male,38,132831,6047,Automotive
CUST0040,Male,65,70192,2594,Home Appliances
CUST0041,Male,23,100395,2819,Home Appliances
CUST0042,Male,45,143797,1984,Home Appliances
CUST0043,Female,34,83888,4449,Automotive
CUST0044,Female,22,93609,5279,Furniture
CUST0045,Female,48,29077,6710,Furniture
CUST0046,Female,22,137440,6530,Accessories
CUST0047,Female,55,142901,7254,Furniture
CUST0048,Male,20,40953,6588,Furniture
CUST0049,Female,40,96919,4837,Home Appliances
CUST0050,Female,54,134682,6625,Home Appliances
CUST0051,Male,54,141041,3950,Accessories
CUST0052,Female,27,87889,789,Electronics
CUST0053,Male,27,43821,5275,Accessories
CUST0054,Female,36,57567,8748,Accessories
CUST0055,Male,34,135374,5178,Automotive
CUST0056,Female,38,44860,5548,Automotive
CUST0057,Female,31,41195,1279,Accessories
CUST0058,Male,26,97475,9174,Accessories
CUST0059,Male,63,110874,6506,Accessories
CUST0060,Male,18,107266,8691,Furniture
CUST0061,Male,62,41427,7007,Automotive
CUST0062,Male,30,120732,8900,Accessories
CUST0063,Male,21,47083,1738,Home Appliances
CUST0064,Male,18,107046,5771,Home Appliances
CUST0065,Male,57,77372,7028,Furniture
CUST0066,Female,49,143786,1482,Furniture
CUST0067,Female,51,64064,1503,Electronics
CUST0068,Male,45,27813,9111,Electronics
CUST0069,Female,48,51598,3392,Electronics
CUST0070,Female,25,132718,9111,Furniture
CUST0071,Female,56,146879,519,Furniture
CUST0072,Female,43,113106,4617,Furniture
CUST0073,Male,51,47082,3402,Home Appliances
CUST0074,Female,20,49241,7957,Furniture
CUST0075,Male,29,116214,9800,Home Appliances
CUST0076,Female,18,64569,7970,Electronics
CUST0077,Female,61,31745,5793,Electronics
CUST0078,Female,22,46029,867,Electronics
CUST0079,Male,47,33025,2144,Accessories
CUST0080,Female,47,121660,1649,Accessories
CUST0081,Male,34,143395,6240,Automotive
CUST0082,Female,65,34288,3816,Automotive
CUST0083,Male,64,109186,4581,Automotive
CUST0084,Female,40,26540,7998,Accessories
CUST0085,Male,32,117768,6648,Accessories
CUST0086,Male,54,101958,2393,Automotive
CUST0087,Female,38,88878,4937,Automotive
CUST0088,Male,31,61846,7858,Furniture
CUST0089,Female,19,121148,6893,Automotive
CUST0090,Female,28,95932,7738,Furniture
CUST0091,Female,56,37482,8093,Home Appliances
CUST0092,Female,55,43411,6107,Accessories
CUST0093,Female,51,70975,5642,Automotive
CUST0094,Female,55,80545,9192,Accessories
CUST0095,Female,51,132302,6456,Accessories
CUST0096,Female,35,98797,8533,Accessories
CUST0097,Female,47,72307,7480,Home Appliances
CUST0098,Female,32,23093,2485,Electronics
CUST0099,Female,44,97258,4368,Automotive
CUST0100,Male,51,42042,771,Electronics
CUST0101,Male,55,72930,263,Electronics
CUST0102,Female,50,137584,8756,Electronics
CUST0103,Female,41,64413,4692,Accessories
CUST0104,Female,32,133387,4895,Furniture
CUST0105,Female,47,113623,4898,Accessories
CUST0106,Female,59,117883,6136,Accessories
CUST0107,Female,34,53756,2455,Electronics
CUST0108,Female,22,73268,5987,Accessories
CUST0109,Female,46,59214,8061,Electronics
CUST0110,Male,21,101871,5927,Furniture
CUST0111,Female,27,147844,8837,Automotive
CUST0112,Male,34,48602,4819,Electronics
CUST0113,Female,27,73331,693,Furniture
CUST0114,Female,34,68901,4939,Automotive
CUST0115,Male,37,119986,7494,Home Appliances
CUST0116,Female,41,83416,9751,Electronics
CUST0117,Male,22,52196,3593,Electronics
CUST0118,Female,51,148386,6264,Home Appliances
CUST0119,Female,23,25626,2772,Home Appliances
CUST0120,Male,19,27424,4300,Electronics
CUST0121,Female,30,32857,116,Home Appliances
CUST0122,Male,60,130459,3291,Accessories
CUST0123,Female,60,135621,492,Automotive
CUST0124,Male,65,39982,8716,Automotive
CUST0125,Male,28,96961,6372,Automotive
CUST0126,Female,64,21980,671,Accessories
CUST0127,Female,40,68290,3731,Home Appliances
CUST0128,Male,33,46431,6272,Furniture
CUST0129,Female,48,104976,9412,Home Appliances
CUST0130,Female,28,127288,7277,Electronics
CUST0131,Female,33,102711,8533,Automotive
CUST0132,Male,25,134187,3997,Home Appliances
CUST0133,Male,21,46385,8223,Furniture
CUST0134,Male,57,58158,2379,Electronics
CUST0135,Male,21,43019,9080,Accessories
CUST0136,Male,42,38639,7551,Accessories
CUST0137,Male,20,105530,9006,Furniture
CUST0138,Male,49,119911,875,Electronics
CUST0139,Male,20,41563,6969,Automotive
CUST0140,Male,44,59341,2347,Home Appliances
CUST0141,Female,46,135672,7188,Electronics
CUST0142,Male,49,25776,178,Accessories
CUST0143,Female,36,56444,8180,Furniture
CUST0144,Female,38,88916,7199,Furniture
CUST0145,Female,22,28711,4026,Home Appliances
CUST0146,Male,35,94318,9147,Furniture
CUST0147,Male,45,102970,7440,Furniture
CUST0148,Male,59,132301,7183,Electronics
CUST0149,Male,39,105553,6330,Automotive
CUST0150,Female,38,50707,9323,Home Appliances
CUST0151,Male,23,59110,5040,Electronics
CUST0152,Male,18,149410,3371,Automotive
CUST0153,Male,22,81788,3556,Electronics
CUST0154,Male,58,102879,7888,Electronics
CUST0155,Male,29,58827,8699,Furniture
CUST0156,Female,43,127188,7750,Automotive
CUST0157,Male,63,25655,2811,Home Appliances
CUST0158,Female,51,64859,1768,Home Appliances
CUST0159,Male,31,73625,247,Automotive
CUST0160,Female,43,72098,6520,Furniture
CUST0161,Male,62,35251,465,Accessories
CUST0162,Male,44,142413,9966,Electronics
CUST0163,Female,26,20526,4631,Furniture
CUST0164,Female,43,88760,5430,Automotive
CUST0165,Female,64,67837,5610,Electronics
CUST0166,Male,39,145133,8854,Home Appliances
CUST0167,Female,64,149478,9064,Accessories
CUST0168,Male,47,31536,6593,Home Appliances
CUST0169,Male,60,48541,5539,Automotive
CUST0170,Female,65,99083,9865,Electronics
CUST0171,Female,34,71027,6611,Automotive
CUST0172,Male,43,54531,7604,Electronics
CUST0173,Male,53,28712,1346,Furniture
CUST0174,Female,18,124101,3939,Accessories
CUST0175,Female,25,85455,8651,Furniture
CUST0176,Female,52,94744,2476,Furniture
CUST0177,Male,32,141787,3109,Automotive
CUST0178,Male,64,149749,9254,Accessories
CUST0179,Male,39,25109,1927,Electronics
CUST0180,Male,31,141332,7079,Electronics
CUST0181,Male,43,69268,9905,Home Appliances
CUST0182,Male,45,120737,9932,Electronics
CUST0183,Female,40,74615,8669,Automotive
CUST0184,Male,31,102503,4385,Furniture
CUST0185,Male,41,143274,7010,Furniture
CUST0186,Male,19,49759,8661,Furniture
CUST0187,Female,62,105708,2296,Accessories
CUST0188,Male,43,80112,3847,Electronics
CUST0189,Male,31,122471,8943,Automotive
CUST0190,Female,24,146740,6078,Accessories
CUST0191,Male,20,143153,5707,Home Appliances
CUST0192,Male,64,46589,869,Automotive
CUST0193,Male,40,50015,880,Automotive
CUST0194,Male,63,49009,6403,Automotive
CUST0195,Male,60,103309,4083,Furniture
CUST0196,Female,64,146446,9603,Automotive
CUST0197,Female,62,82046,8814,Electronics
CUST0198,Female,35,126661,621,Automotive
CUST0199,Male,55,46143,9227,Furniture
CUST0200,Male,52,26154,7669,Automotive
CUST0201,Male,32,41804,5884,Home Appliances
CUST0202,Female,42,61688,4683,Home Appliances
CUST0203,Male,54,84288,6046,Furniture
CUST0204,Male,45,71195,5041,Electronics
CUST0205,Female,27,40581,6367,Electronics
CUST0206,Male,56,72648,7228,Accessories
CUST0207,Female,34,50087,2561,Furniture
CUST0208,Female,56,69930,785,Automotive
CUST0209,Female,39,52981,2260,Furniture
CUST0210,Male,43,89298,7131,Accessories
CUST0211,Male,61,66167,9859,Furniture
CUST0212,Male,42,95304,5441,Furniture
CUST0213,Male,34,63408,138,Accessories
CUST0214,Male,30,59499,4975,Electronics
CUST0215,Male,37,145816,1356,Automotive
CUST0216,Male,42,72269,7797,Accessories
CUST0217,Female,21,58559,2296,Home Appliances
CUST0218,Male,27,134126,7265,Electronics
CUST0219,Female,20,94319,401,Home Appliances
CUST0220,Male,58,131925,7627,Electronics
CUST0221,Male,62,115317,6481,Automotive
CUST0222,Male,35,116347,746,Automotive
CUST0223,Female,64,68787,8889,Furniture
CUST0224,Female,53,55488,8953,Home Appliances
CUST0225,Female,64,94441,4430,Electronics
CUST0226,Female,39,94663,9660,Automotive
CUST0227,Male,51,42431,7103,Accessories
CUST0228,Female,64,81681,3637,Automotive
CUST0229,Male,25,83483,4658,Accessories
CUST0230,Male,57,142720,6679,Electronics
CUST0231,Female,61,69153,8574,Automotive
CUST0232,Female,36,26368,9778,Automotive
CUST0233,Female,59,47424,4182,Electronics
CUST0234,Female,58,132360,4283,Automotive
CUST0235,Female,54,65004,8752,Accessories
CUST0236,Female,23,103869,3854,Automotive
CUST0237,Female,43,108652,1824,Home Appliances
CUST0238,Female,51,132755,1476,Furniture
CUST0239,Male,62,76985,8806,Accessories
CUST0240,Female,23,70069,8994,Home Appliances
CUST0241,Female,54,72326,1753,Electronics
CUST0242,Male,50,128737,2166,Accessories
CUST0243,Female,39,101061,122,Furniture
CUST0244,Male,38,43398,2560,Furniture
CUST0245,Male,23,118393,6026,Electronics
CUST0246,Female,23,70861,6351,Electronics
CUST0247,Male,65,95897,9596,Accessories
CUST0248,Male,21,101905,7395,Automotive
CUST0249,Male,47,147118,3400,Electronics
CUST0250,Male,28,88577,6379,Automotive
CUST0251,Female,47,85641,8653,Home Appliances
CUST0252,Male,48,29078,7453,Furniture
CUST0253,Female,41,45003,3827,Automotive
CUST0254,Male,26,82768,6372,Furniture
CUST0255,Male,20,71047,6095,Automotive
CUST0256,Male,48,91626,9576,Home Appliances
CUST0257,Male,57,77660,614,Electronics
CUST0258,Female,54,124386,548,Home Appliances
CUST0259,Female,53,69786,6119,Electronics
CUST0260,Male,41,21925,5443,Electronics
CUST0261,Male,48,103976,8133,Furniture
CUST0262,Female,23,125221,2620,Home Appliances
CUST0263,Male,19,137832,3181,Automotive
CUST0264,Male,37,145150,1528,Home Appliances
CUST0265,Male,45,46015,4067,Furniture
CUST0266,Female,28,53320,6545,Electronics
CUST0267,Female,21,84881,9214,Furniture
CUST0268,Female,32,110827,2259,Accessories
CUST0269,Male,23,140071,5232,Accessories
CUST0270,Male,47,122215,2647,Automotive
CUST0271,Female,55,46289,3079,Furniture
CUST0272,Female,19,148859,2749,Automotive
CUST0273,Female,32,23389,8605,Automotive
CUST0274,Female,28,45683,3183,Accessories
CUST0275,Male,25,33629,1137,Automotive
CUST0276,Female,43,81550,3589,Accessories
CUST0277,Male,62,44826,7704,Electronics
CUST0278,Female,61,120734,7644,Furniture
CUST0279,Male,22,46630,2734,Automotive
CUST0280,Female,23,118762,4083,Accessories
CUST0281,Female,43,66163,1878,Home Appliances
CUST0282,Female,21,118511,8002,Automotive
CUST0283,Female,36,86435,5210,Electronics
CUST0284,Male,37,31653,5289,Electronics
CUST0285,Female,50,47961,7478,Home Appliances
CUST0286,Male,37,101941,1224,Accessories
CUST0287,Male,29,94137,797,Automotive
CUST0288,Male,64,53662,2279,Accessories
CUST0289,Male,18,118818,9696,Electronics
CUST0290,Female,43,76446,5351,Accessories
CUST0291,Male,31,41288,9335,Electronics
CUST0292,Male,55,142555,2029,Accessories
CUST0293,Male,54,115081,1113,Home Appliances
CUST0294,Female,28,56877,326,Furniture
CUST0295,Female,53,131562,7421,Home Appliances
CUST0296,Female,30,35313,1928,Home Appliances
CUST0297,Female,60,100885,8009,Furniture
CUST0298,Male,20,92715,5688,Furniture
CUST0299,Male,50,30326,2123,Automotive
CUST0300,Female,23,130091,5066,Automotive
CUST0301,Male,27,145836,5991,Home Appliances
CUST0302,Male,22,21560,1180,Home Appliances
CUST0303,Male,40,99148,5136,Electronics
CUST0304,Female,27,103186,2663,Electronics
CUST0305,Female,61,46745,3392,Automotive
CUST0306,Male,19,51890,3686,Automotive
CUST0307,Female,30,40022,4531,Electronics
CUST0308,Female,57,143629,6941,Electronics
CUST0309,Female,19,72579,6743,Accessories
CUST0310,Female,37,90316,4059,Accessories
CUST0311,Female,18,103847,261,Electronics
CUST0312,Male,54,48380,693,Accessories
CUST0313,Female,26,130198,3490,Furniture
CUST0314,Male,34,22356,6097,Automotive
CUST0315,Male,26,90326,6454,Automotive
CUST0316,Female,28,112447,763,Electronics
CUST0317,Male,32,134994,9424,Home Appliances
CUST0318,Male,41,109899,641,Electronics
CUST0319,Male,55,40049,5533,Accessories
CUST0320,Female,52,95717,5193,Home Appliances
CUST0321,Female,47,125361,967,Accessories
CUST0322,Male,48,36082,8723,Furniture
CUST0323,Female,22,20661,5569,Accessories
CUST0324,Female,61,57412,6356,Furniture
CUST0325,Female,31,134015,9498,Furniture
CUST0326,Female,28,143191,1269,Accessories
CUST0327,Male,26,22920,930,Accessories
CUST0328,Male,51,111194,1751,Furniture
CUST0329,Female,29,134306,1236,Home Appliances
CUST0330,Female,52,80315,2910,Furniture
CUST0331,Male,52,99561,8767,Automotive
CUST0332,Male,18,28946,9618,Furniture
CUST0333,Female,57,114242,1119,Home Appliances
CUST0334,Male,39,65500,5337,Automotive
CUST0335,Female,46,124540,1383,Electronics
CUST0336,Female,25,36309,759,Electronics
CUST0337,Male,28,75230,2110,Home Appliances
CUST0338,Male,58,131822,8690,Furniture
CUST0339,Female,54,118656,1833,Accessories
CUST0340,Female,31,143782,2225,Home Appliances
CUST0341,Male,47,50027,2271,Automotive
CUST0342,Female,52,146768,8366,Automotive
CUST0343,Male,38,92541,3571,Electronics
CUST0344,Female,54,132340,9128,Automotive
CUST0345,Male,22,134846,5724,Home Appliances
CUST0346,Male,36,79321,8791,Automotive
CUST0347,Male,31,20956,8429,Home Appliances
CUST0348,Female,43,120375,2197,Accessories
CUST0349,Female,21,94131,5168,Electronics
CUST0350,Male,42,67908,6497,Automotive
CUST0351,Female,62,98339,2857,Home Appliances
CUST0352,Male,59,145659,4020,Furniture
CUST0353,Male,42,45963,8286,Electronics
CUST0354,Female,35,121757,2000,Accessories
CUST0355,Female,57,59443,2710,Home Appliances
CUST0356,Male,25,119259,7000,Accessories
CUST0357,Female,56,59063,1549,Accessories
CUST0358,Female,57,134225,8838,Automotive
CUST0359,Male,31,136400,5117,Automotive
CUST0360,Male,49,100818,8099,Home Appliances
CUST0361,Female,55,24703,6152,Furniture
CUST0362,Male,50,85128,2196,Home Appliances
CUST0363,Male,40,92099,8995,Furniture
CUST0364,Female,32,45849,6504,Accessories
CUST0365,Male,50,51860,9917,Electronics
CUST0366,Male,42,51585,3431,Home Appliances
CUST0367,Female,34,42015,7562,Home Appliances
CUST0368,Female,50,97539,5205,Furniture
CUST0369,Male,64,63585,3078,Accessories
CUST0370,Male,19,46958,2939,Accessories
CUST0371,Female,31,46017,3484,Furniture
CUST0372,Female,57,96707,785,Accessories
CUST0373,Female,57,144677,7631,Automotive
CUST0374,Female,56,65350,4383,Electronics
CUST0375,Male,23,32201,7836,Home Appliances
CUST0376,Female,23,49426,7810,Electronics
CUST0377,Female,20,37778,1719,Home Appliances
CUST0378,Male,24,65241,6968,Automotive
CUST0379,Female,25,62229,1531,Accessories
CUST0380,Male,59,106652,9167,Furniture
CUST0381,Female,32,148267,4813,Automotive
CUST0382,Female,64,138402,9657,Electronics
CUST0383,Female,46,68364,9535,Furniture
CUST0384,Male,50,118833,5098,Accessories
CUST0385,Male,47,146503,262,Automotive
CUST0386,Female,56,149044,2074,Furniture
CUST0387,Male,44,104878,3391,Automotive
CUST0388,Male,53,77056,8561,Automotive
CUST0389,Male,46,47490,731,Accessories
CUST0390,Male,55,147769,1005,Home Appliances
CUST0391,Male,50,39975,2114,Furniture
CUST0392,Male,54,46723,9933,Accessories
CUST0393,Female,44,43279,7996,Automotive
CUST0394,Female,50,98301,304,Accessories
CUST0395,Male,21,132214,681,Home Appliances
CUST0396,Female,39,31561,5775,Furniture
CUST0397,Female,19,127435,9132,Home Appliances
CUST0398,Female,27,86061,5447,Electronics
CUST0399,Female,22,108397,2743,Furniture
CUST0400,Male,27,69153,8117,Home Appliances
CUST0401,Female,50,53142,2397,Automotive
CUST0402,Female,55,46916,974,Furniture
CUST0403,Male,30,84324,5660,Furniture
CUST0404,Male,48,64965,789,Accessories
CUST0405,Female,64,145932,4100,Automotive
CUST0406,Female,53,24648,9714,Electronics
CUST0407,Female,62,55133,771,Home Appliances
CUST0408,Female,41,70677,8027,Accessories
CUST0409,Female,32,116059,1271,Home Appliances
CUST0410,Female,46,114588,5691,Electronics
CUST0411,Male,25,119950,9235,Electronics
CUST0412,Female,22,118317,6442,Furniture
CUST0413,Female,46,90135,1549,Electronics
CUST0414,Male,64,55046,2639,Home Appliances
CUST0415,Male,21,67064,4059,Automotive
CUST0416,Male,29,121459,6385,Automotive
CUST0417,Male,62,126625,5532,Furniture
CUST0418,Female,19,89350,4360,Home Appliances
CUST0419,Female,44,65893,2461,Home Appliances
CUST0420,Female,48,121520,6264,Electronics
CUST0421,Female,53,145818,3770,Home Appliances
CUST0422,Female,53,81272,1853,Accessories
CUST0423,Female,43,112152,8200,Electronics
CUST0424,Male,60,142907,2038,Accessories
CUST0425,Female,44,87649,8662,Furniture
CUST0426,Male,22,84674,6076,Automotive
CUST0427,Male,37,144132,6688,Furniture
CUST0428,Female,28,139044,8716,Automotive
CUST0429,Male,27,128542,6404,Furniture
CUST0430,Female,57,33760,7445,Home Appliances
CUST0431,Male,55,41927,7975,Accessories
CUST0432,Female,23,106475,9186,Automotive
CUST0433,Male,25,81367,6733,Electronics
CUST0434,Female,40,117955,697,Accessories
CUST0435,Female,64,32588,3162,Electronics
CUST0436,Female,43,141750,2436,Accessories
CUST0437,Female,63,121678,9979,Accessories
CUST0438,Female,60,124734,672,Furniture
CUST0439,Male,29,138154,7621,Automotive
CUST0440,Male,43,72233,6271,Automotive
CUST0441,Male,30,64738,7197,Accessories
CUST0442,Female,57,53397,2190,Home Appliances
CUST0443,Male,35,102189,6666,Home Appliances
CUST0444,Female,42,96367,4724,Electronics
CUST0445,Female,50,144873,1733,Electronics
CUST0446,Male,64,91260,1617,Furniture
CUST0447,Male,57,140585,3748,Accessories
CUST0448,Female,60,96619,1637,Electronics
CUST0449,Male,29,131453,3237,Electronics
CUST0450,Female,61,39816,7085,Accessories
CUST0451,Female,53,62240,197,Furniture
CUST0452,Female,65,26276,3850,Electronics
CUST0453,Female,21,133939,8635,Furniture
CUST0454,Female,22,124199,8274,Automotive
CUST0455,Male,54,99530,8203,Furniture
CUST0456,Male,25,43499,5513,Home Appliances
CUST0457,Female,59,108576,4766,Home Appliances
CUST0458,Female,45,128856,710,Furniture
CUST0459,Male,48,102495,1827,Home Appliances
CUST0460,Male,26,141717,1954,Automotive
CUST0461,Female,46,91635,5155,Accessories
CUST0462,Male,31,127803,2424,Home Appliances
CUST0463,Female,57,105112,9469,Home Appliances
CUST0464,Male,58,55946,9383,Furniture
CUST0465,Female,39,75204,5874,Automotive
CUST0466,Male,28,71886,6619,Accessories
CUST0467,Female,40,91652,1849,Furniture
CUST0468,Male,18,35563,881,Furniture
CUST0469,Male,63,112324,7648,Automotive
CUST0470,Female,54,112464,6923,Accessories
CUST0471,Male,38,121872,2205,Automotive
CUST0472,Female,43,29847,3967,Accessories
CUST0473,Male,63,46155,7293,Automotive
CUST0474,Female,53,99671,5076,Furniture
CUST0475,Male,40,136891,2213,Furniture
CUST0476,Female,18,103310,5979,Electronics
CUST0477,Male,57,87278,4070,Home Appliances
CUST0478,Female,32,38309,9359,Automotive
CUST0479,Male,38,20619,7364,Electronics
CUST0480,Female,64,103194,1677,Home Appliances
CUST0481,Female,26,70108,9303,Automotive
CUST0482,Female,26,54707,2374,Accessories
CUST0483,Male,27,40337,4969,Home Appliances
CUST0484,Female,43,145261,6844,Furniture
CUST0485,Male,58,101537,2526,Electronics
CUST0486,Female,52,86504,5646,Home Appliances
CUST0487,Male,42,67614,6952,Home Appliances
CUST0488,Female,43,111428,2651,Furniture
CUST0489,Male,28,111155,6511,Automotive
CUST0490,Male,55,20281,107,Accessories
CUST0491,Female,19,47420,8187,Furniture
CUST0492,Male,24,100896,2655,Accessories
CUST0493,Male,35,59030,575,Automotive
CUST0494,Female,44,21058,5516,Home Appliances
CUST0495,Male,51,106213,8776,Accessories
CUST0496,Male,44,96260,7339,Electronics
CUST0497,Male,34,48404,6810,Electronics
CUST0498,Female,60,123482,5100,Furniture
CUST0499,Male,61,125284,4754,Automotive
CUST0500,Female,41,49856,8178,Furniture
CUST0501,Male,42,29200,6163,Furniture
CUST0502,Male,24,84178,2385,Furniture
CUST0503,Male,23,53997,5323,Electronics
CUST0504,Female,41,45611,7071,Electronics
CUST0505,Male,50,139273,3625,Furniture
CUST0506,Male,46,61235,2922,Electronics
CUST0507,Female,60,137428,5043,Automotive
CUST0508,Male,39,55057,6630,Furniture
CUST0509,Female,43,21239,358,Electronics
CUST0510,Female,45,123674,382,Accessories
CUST0511,Male,38,134474,1998,Furniture
CUST0512,Female,24,85661,4235,Furniture
CUST0513,Male,34,146945,6729,Automotive
CUST0514,Female,37,65272,3300,Home Appliances
CUST0515,Female,58,109393,5210,Home Appliances
CUST0516,Male,37,81212,7267,Automotive
CUST0517,Female,39,144088,712,Automotive
CUST0518,Female,45,35398,787,Automotive
CUST0519,Female,57,140030,3790,Home Appliances
CUST0520,Female,24,76503,8904,Automotive
CUST0521,Female,18,26638,2407,Electronics
CUST0522,Male,49,26570,7233,Furniture
CUST0523,Female,30,88785,6609,Furniture
CUST0524,Male,47,29110,6006,Accessories
CUST0525,Female,40,125899,2691,Accessories
CUST0526,Male,36,99141,7283,Furniture
CUST0527,Male,49,32115,5348,Electronics
CUST0528,Female,47,59062,8866,Home Appliances
CUST0529,Female,46,42911,5208,Home Appliances
CUST0530,Female,62,124061,3704,Electronics
CUST0531,Male,46,52556,769,Home Appliances
CUST0532,Female,47,98131,4464,Automotive
CUST0533,Male,33,148335,7429,Furniture
CUST0534,Male,57,21969,1383,Furniture
CUST0535,Male,36,63753,1023,Electronics
CUST0536,Female,35,102811,1225,Home Appliances
CUST0537,Female,18,24470,1629,Accessories
CUST0538,Male,31,141863,9886,Accessories
CUST0539,Male,64,30225,8538,Home Appliances
CUST0540,Female,19,127860,3811,Accessories
CUST0541,Male,45,143008,8104,Electronics
CUST0542,Female,47,127510,9852,Electronics
CUST0543,Male,55,128295,6374,Home Appliances
CUST0544,Female,21,43196,3964,Accessories
CUST0545,Male,18,125823,7933,Electronics
CUST0546,Female,25,33669,6888,Electronics
CUST0547,Male,46,57380,326,Automotive
CUST0548,Female,56,144398,364,Automotive
CUST0549,Female,20,130677,9687,Electronics
CUST0550,Male,49,135886,745,Home Appliances
CUST0551,Male,27,146753,7644,Furniture
CUST0552,Female,27,68320,5669,Furniture
CUST0553,Male,36,67414,3090,Electronics
CUST0554,Female,63,123542,2604,Electronics
CUST0555,Male,51,35577,9446,Electronics
CUST0556,Female,50,145354,687,Home Appliances
CUST0557,Female,40,108009,9277,Automotive
CUST0558,Female,45,146365,4179,Electronics
CUST0559,Female,49,75409,3448,Electronics
CUST0560,Female,24,48625,6399,Accessories
CUST0561,Female,46,101040,3931,Home Appliances
CUST0562,Male,25,44089,9533,Electronics
CUST0563,Male,18,56487,8481,Accessories
CUST0564,Male,20,85838,9272,Furniture
CUST0565,Female,41,116999,9990,Electronics
CUST0566,Female,40,130448,1815,Electronics
CUST0567,Female,25,114795,6550,Accessories
CUST0568,Female,64,70138,5533,Home Appliances
CUST0569,Male,54,62823,1198,Electronics
CUST0570,Male,20,57208,7196,Furniture
CUST0571,Female,50,74061,2426,Electronics
CUST0572,Male,45,50659,9187,Furniture
CUST0573,Male,64,149824,6516,Automotive
CUST0574,Female,25,121376,7080,Automotive
CUST0575,Male,51,51890,6863,Furniture
CUST0576,Female,52,99134,1774,Home Appliances
CUST0577,Male,49,67055,8050,Electronics
CUST0578,Female,41,132269,9222,Electronics
CUST0579,Female,31,39508,9015,Automotive
CUST0580,Female,49,62287,6149,Furniture
CUST0581,Female,63,98916,1189,Electronics
CUST0582,Male,60,46984,4678,Electronics
CUST0583,Female,33,130169,9227,Home Appliances
CUST0584,Female,21,28125,255,Accessories
CUST0585,Female,54,56059,9362,Automotive
CUST0586,Male,38,89569,2058,Automotive
CUST0587,Female,31,123409,6444,Accessories
CUST0588,Male,48,37087,5879,Electronics
CUST0589,Female,65,126437,6244,Home Appliances
CUST0590,Male,35,135262,5163,Home Appliances
CUST0591,Male,24,25704,3930,Automotive
CUST0592,Female,27,80576,9146,Home Appliances
CUST0593,Male,24,93384,8931,Accessories
CUST0594,Female,50,107128,9894,Electronics
CUST0595,Female,40,131279,6759,Accessories
CUST0596,Female,38,92460,541,Furniture
CUST0597,Male,36,47208,6140,Automotive
CUST0598,Male,65,138516,6025,Home Appliances
CUST0599,Female,36,149612,7458,Furniture
CUST0600,Female,53,105150,4728,Home Appliances
CUST0601,Male,46,86024,6470,Electronics
CUST0602,Female,35,59882,9628,Electronics
CUST0603,Female,19,45923,1048,Electronics
CUST0604,Female,18,146561,8279,Home Appliances
CUST0605,Male,64,134044,6215,Furniture
CUST0606,Male,22,121477,559,Electronics
CUST0607,Male,37,49165,7668,Furniture
CUST0608,Female,28,87203,4746,Home Appliances
CUST0609,Female,59,111749,492,Furniture
CUST0610,Female,19,24114,1887,Home Appliances
CUST0611,Male,20,84965,7474,Home Appliances
CUST0612,Female,40,56321,1238,Automotive
CUST0613,Female,29,93297,4841,Home Appliances
CUST0614,Female,37,116652,7518,Home Appliances
CUST0615,Female,22,119304,6462,Accessories
CUST0616,Male,54,133942,2554,Electronics
CUST0617,Male,55,45426,9758,Automotive
CUST0618,Female,47,37772,3774,Automotive
CUST0619,Male,26,123754,1477,Automotive
CUST0620,Male,51,23712,6801,Accessories
CUST0621,Female,61,21367,2697,Home Appliances
CUST0622,Female,52,126493,241,Electronics
CUST0623,Male,39,127317,2759,Furniture
CUST0624,Female,61,135142,4696,Home Appliances
CUST0625,Male,41,111736,9131,Accessories
CUST0626,Female,34,71924,5761,Home Appliances
CUST0627,Male,27,23726,6242,Home Appliances
CUST0628,Female,47,109152,5726,Accessories
CUST0629,Male,63,47723,8887,Automotive
CUST0630,Male,40,146969,8572,Automotive
CUST0631,Male,49,123110,523,Electronics
CUST0632,Female,34,120494,7099,Electronics
CUST0633,Male,34,29108,4349,Automotive
CUST0634,Male,31,97714,1850,Furniture
CUST0635,Female,26,55643,4857,Home Appliances
CUST0636,Female,57,51324,2067,Furniture
CUST0637,Male,19,123896,4188,Home Appliances
CUST0638,Male,62,103360,4278,Automotive
CUST0639,Female,42,130896,7889,Electronics
CUST0640,Female,56,28927,3046,Electronics
CUST0641,Female,26,113680,9741,Furniture
CUST0642,Female,39,116546,5494,Electronics
CUST0643,Female,60,42443,7980,Automotive
CUST0644,Male,63,99973,5175,Furniture
CUST0645,Female,21,83449,7330,Home Appliances
CUST0646,Male,43,129834,1631,Electronics
CUST0647,Male,46,125314,3090,Accessories
CUST0648,Male,62,96743,7255,Electronics
CUST0649,Female,51,141805,4593,Home Appliances
CUST0650,Male,40,80233,9435,Furniture
CUST0651,Male,54,45537,1033,Home Appliances
CUST0652,Female,28,121293,1560,Accessories
CUST0653,Male,23,97576,2823,Automotive
CUST0654,Male,35,127522,385,Electronics
CUST0655,Female,38,42612,364,Furniture
CUST0656,Male,59,113977,6916,Automotive
CUST0657,Male,53,26471,1862,Home Appliances
CUST0658,Male,58,55631,140,Furniture
CUST0659,Female,55,148449,5927,Automotive
CUST0660,Female,51,128997,8359,Furniture
CUST0661,Female,34,112059,1087,Accessories
CUST0662,Male,54,51348,7904,Accessories
CUST0663,Male,42,84732,7889,Electronics
CUST0664,Female,55,21177,5817,Electronics
CUST0665,Male,29,24760,3298,Accessories
CUST0666,Male,40,52779,5474,Furniture
CUST0667,Female,59,41636,4890,Accessories
CUST0668,Female,39,101889,7283,Electronics
CUST0669,Male,38,73551,2624,Accessories
CUST0670,Male,44,31556,9377,Accessories
CUST0671,Male,48,47598,2579,Furniture
CUST0672,Female,23,31563,9985,Automotive
CUST0673,Female,44,66819,5254,Electronics
CUST0674,Female,57,129326,878,Furniture
CUST0675,Female,51,93770,9877,Accessories
CUST0676,Male,29,111055,1592,Accessories
CUST0677,Female,62,46966,760,Automotive
CUST0678,Female,24,140133,1448,Electronics
CUST0679,Female,27,101709,9591,Electronics
CUST0680,Female,62,79889,7951,Home Appliances
CUST0681,Female,34,46987,7256,Electronics
CUST0682,Male,43,98714,2144,Automotive
CUST0683,Male,38,124874,7468,Home Appliances
CUST0684,Female,45,78348,3616,Home Appliances
CUST0685,Male,63,44596,9350,Accessories
CUST0686,Female,19,53174,9268,Accessories
CUST0687,Female,60,84106,4677,Electronics
CUST0688,Male,18,127510,827,Home Appliances
CUST0689,Male,53,89967,7568,Accessories
CUST0690,Female,43,79182,442,Automotive
CUST0691,Female,46,113300,1547,Accessories
CUST0692,Female,38,107163,6681,Accessories
CUST0693,Male,28,59310,6417,Home Appliances
CUST0694,Female,57,76088,626,Home Appliances
CUST0695,Female,28,148803,6848,Furniture
CUST0696,Female,53,28906,505,Automotive
CUST0697,Male,56,56914,8086,Home Appliances
CUST0698,Female,57,130350,9865,Electronics
CUST0699,Female,52,65379,3840,Automotive
CUST0700,Male,51,98612,1946,Automotive
CUST0701,Female,64,134828,1578,Home Appliances
CUST0702,Female,41,147445,871,Automotive
CUST0703,Male,39,57650,5625,Home Appliances
CUST0704,Female,22,66881,8870,Accessories
CUST0705,Male,50,66413,293,Furniture
CUST0706,Male,53,26012,2107,Accessories
CUST0707,Female,64,70115,1285,Home Appliances
CUST0708,Female,37,27151,2494,Home Appliances
CUST0709,Female,36,77716,9402,Accessories
CUST0710,Female,52,113747,4105,Electronics
CUST0711,Male,60,112653,7529,Electronics
CUST0712,Female,34,56378,2361,Electronics
CUST0713,Male,62,62652,3836,Home Appliances
CUST0714,Female,60,92430,6816,Automotive
CUST0715,Female,51,33467,4975,Home Appliances
CUST0716,Female,26,51010,9021,Automotive
CUST0717,Male,43,148647,4478,Accessories
CUST0718,Female,19,141999,7915,Furniture
CUST0719,Female,26,134793,3551,Automotive
CUST0720,Female,26,74691,7716,Electronics
CUST0721,Female,57,84157,9936,Home Appliances
CUST0722,Male,34,128177,2900,Accessories
CUST0723,Female,18,32289,8433,Electronics
CUST0724,Male,42,64976,5510,Accessories
CUST0725,Male,60,63596,1555,Furniture
CUST0726,Male,57,43171,6992,Home Appliances
CUST0727,Male,59,120441,5908,Home Appliances
CUST0728,Male,42,146296,6896,Furniture
CUST0729,Male,56,106365,4896,Home Appliances
CUST0730,Female,52,138218,5193,Automotive
CUST0731,Male,20,119590,1425,Accessories
CUST0732,Male,54,134014,5076,Electronics
CUST0733,Male,61,64139,9505,Furniture
CUST0734,Female,61,68713,1259,Automotive
CUST0735,Female,47,49734,4750,Electronics
CUST0736,Male,55,92588,5087,Electronics
CUST0737,Female,51,83646,4797,Furniture
CUST0738,Male,29,23654,440,Automotive
CUST0739,Male,36,109022,3928,Electronics
CUST0740,Female,54,38743,2068,Electronics
CUST0741,Male,61,68368,803,Automotive
CUST0742,Female,34,110025,5582,Home Appliances
CUST0743,Female,27,94172,6476,Electronics
CUST0744,Male,64,26441,1900,Accessories
CUST0745,Male,29,139735,5563,Automotive
CUST0746,Female,33,44611,5012,Electronics
CUST0747,Male,41,139891,4748,Furniture
CUST0748,Male,36,127971,955,Accessories
CUST0749,Male,25,32149,2966,Electronics
CUST0750,Female,48,120102,282,Accessories
CUST0751,Female,38,79189,3212,Accessories
CUST0752,Male,34,127904,5770,Home Appliances
CUST0753,Female,40,41675,4592,Accessories
CUST0754,Female,54,91031,5923,Home Appliances
CUST0755,Female,33,62668,1617,Automotive
CUST0756,Female,23,33673,5102,Home Appliances
CUST0757,Female,25,149582,1456,Furniture
CUST0758,Male,42,96666,3729,Electronics
CUST0759,Male,35,108204,3728,Automotive
CUST0760,Male,42,100758,8310,Automotive
CUST0761,Female,29,85429,6232,Furniture
CUST0762,Female,32,43669,9424,Home Appliances
CUST0763,Male,43,54068,6688,Electronics
CUST0764,Female,58,108789,3411,Home Appliances
CUST0765,Male,62,29435,6148,Accessories
CUST0766,Male,43,114088,6346,Home Appliances
CUST0767,Male,64,72249,1087,Automotive
CUST0768,Female,49,57384,3421,Electronics
CUST0769,Female,27,148782,4715,Home Appliances
CUST0770,Male,33,101929,8465,Electronics
CUST0771,Male,24,147959,3841,Electronics
CUST0772,Male,34,96153,3152,Accessories
CUST0773,Male,40,124056,6674,Accessories
CUST0774,Female,43,95388,826,Automotive
CUST0775,Female,38,51401,3860,Furniture
CUST0776,Male,39,145511,5906,Electronics
CUST0777,Male,24,91831,1975,Furniture
CUST0778,Female,31,139503,7093,Automotive
CUST0779,Female,32,135760,4133,Electronics
CUST0780,Male,24,121529,5543,Electronics
CUST0781,Male,26,147834,1089,Furniture
CUST0782,Male,65,54084,3844,Home Appliances
CUST0783,Female,25,140387,8711,Accessories
CUST0784,Female,40,130641,693,Home Appliances
CUST0785,Female,46,125111,1874,Furniture
CUST0786,Male,35,75826,1035,Accessories
CUST0787,Male,48,56451,3908,Home Appliances
CUST0788,Female,47,27227,431,Accessories
CUST0789,Female,56,51910,8022,Electronics
CUST0790,Male,52,56041,2802,Home Appliances
CUST0791,Female,35,108920,5989,Accessories
CUST0792,Female,59,85681,5154,Accessories
CUST0793,Male,56,123314,3968,Accessories
CUST0794,Female,34,101571,4300,Home Appliances
CUST0795,Male,31,85481,301,Automotive
CUST0796,Male,48,88576,2597,Home Appliances
CUST0797,Male,41,127958,1942,Furniture
CUST0798,Male,52,149265,9201,Home Appliances
CUST0799,Male,61,147556,4758,Accessories
CUST0800,Male,62,84174,7644,Electronics
CUST0801,Male,51,46160,7818,Home Appliances
CUST0802,Female,20,135170,870,Home Appliances
CUST0803,Male,54,137867,3255,Accessories
CUST0804,Male,60,37633,1728,Electronics
CUST0805,Female,57,114880,486,Electronics
CUST0806,Female,43,37014,6131,Furniture
CUST0807,Female,40,100532,6539,Home Appliances
CUST0808,Male,61,69104,6501,Electronics
CUST0809,Female,56,61621,4108,Electronics
CUST0810,Male,32,97231,2566,Automotive
CUST0811,Male,21,88388,2382,Automotive
CUST0812,Male,46,36014,1956,Electronics
CUST0813,Male,39,112578,8080,Furniture
CUST0814,Female,42,53755,2098,Electronics
CUST0815,Female,30,60390,5576,Accessories
CUST0816,Male,35,43711,9528,Home Appliances
CUST0817,Male,50,111658,4769,Furniture
CUST0818,Male,33,77993,9442,Accessories
CUST0819,Female,62,94696,4418,Furniture
CUST0820,Male,59,47213,7164,Accessories
CUST0821,Male,61,135788,7546,Home Appliances
CUST0822,Female,19,124956,1531,Home Appliances
CUST0823,Female,52,77784,5724,Automotive
CUST0824,Male,59,27421,7561,Accessories
CUST0825,Female,51,106936,1919,Automotive
CUST0826,Female,47,119073,1230,Accessories
CUST0827,Male,30,37727,6663,Automotive
CUST0828,Female,30,132418,2758,Home Appliances
CUST0829,Male,35,24358,3600,Furniture
CUST0830,Female,49,85108,8666,Automotive
CUST0831,Male,49,146609,2220,Accessories
CUST0832,Male,52,114018,4120,Accessories
CUST0833,Male,56,144457,3359,Home Appliances
CUST0834,Female,63,52117,1923,Accessories
CUST0835,Male,46,108700,1574,Electronics
CUST0836,Female,46,51910,2342,Furniture
CUST0837,Male,61,146888,3343,Automotive
CUST0838,Male,33,118032,7090,Furniture
CUST0839,Female,61,75754,5260,Home Appliances
CUST0840,Male,64,82438,3234,Automotive
CUST0841,Male,27,129847,2170,Automotive
CUST0842,Female,47,49371,459,Electronics
CUST0843,Male,42,71501,1241,Home Appliances
CUST0844,Male,56,80946,1735,Accessories
CUST0845,Male,37,58467,4100,Electronics
CUST0846,Male,22,37625,3461,Electronics
CUST0847,Female,18,53893,6683,Furniture
CUST0848,Female,47,96329,7935,Furniture
CUST0849,Male,20,51007,106,Furniture
CUST0850,Female,62,111302,3367,Electronics
CUST0851,Male,31,59532,6664,Accessories
CUST0852,Female,47,74253,9883,Automotive
CUST0853,Male,21,32323,5028,Furniture
CUST0854,Male,35,131335,2706,Accessories
CUST0855,Male,54,132356,6006,Home Appliances
CUST0856,Male,42,130944,3373,Furniture
CUST0857,Male,65,93379,7711,Automotive
CUST0858,Male,18,34210,1013,Home Appliances
CUST0859,Female,63,36456,2111,Home Appliances
CUST0860,Male,32,51367,1542,Automotive
CUST0861,Female,26,74624,5646,Furniture
CUST0862,Male,32,30106,1929,Electronics
CUST0863,Female,41,123493,8867,Automotive
CUST0864,Female,21,88008,6568,Automotive
CUST0865,Female,29,145926,1029,Automotive
CUST0866,Male,54,135395,3799,Home Appliances
CUST0867,Male,54,136492,9755,Accessories
CUST0868,Female,60,92240,1154,Electronics
CUST0869,Male,23,84315,5844,Furniture
CUST0870,Female,56,89249,2000,Furniture
CUST0871,Male,63,90587,9749,Accessories
CUST0872,Female,41,30756,7080,Automotive
CUST0873,Female,28,88011,7169,Electronics
CUST0874,Male,30,56378,9691,Furniture
CUST0875,Female,51,24255,3515,Furniture
CUST0876,Male,42,34484,542,Automotive
CUST0877,Female,24,145703,6318,Accessories
CUST0878,Female,21,76549,4752,Electronics
CUST0879,Male,25,54503,8039,Accessories
CUST0880,Male,37,144465,7933,Accessories
CUST0881,Male,46,93794,9470,Electronics
CUST0882,Female,62,145941,7697,Electronics
CUST0883,Male,63,126283,4558,Furniture
CUST0884,Female,27,120732,6691,Furniture
CUST0885,Female,60,65113,9549,Electronics
CUST0886,Male,51,125730,2409,Home Appliances
CUST0887,Male,43,94069,6368,Furniture
CUST0888,Female,58,118117,1010,Home Appliances
CUST0889,Female,20,25249,4440,Electronics
CUST0890,Male,23,145654,4109,Furniture
CUST0891,Male,22,139979,6728,Accessories
CUST0892,Male,22,39201,2269,Electronics
CUST0893,Male,64,145541,2272,Automotive
CUST0894,Male,40,78576,5768,Home Appliances
CUST0895,Female,26,138562,6413,Electronics
CUST0896,Female,52,145281,8415,Electronics
CUST0897,Female,37,29686,8136,Furniture
CUST0898,Female,59,132413,6889,Furniture
CUST0899,Male,52,73363,885,Furniture
CUST0900,Male,35,117543,6239,Automotive
CUST0901,Male,34,20661,6444,Furniture
CUST0902,Female,41,64843,2516,Electronics
CUST0903,Female,20,115673,9088,Furniture
CUST0904,Male,49,80963,4254,Accessories
CUST0905,Male,52,133092,5719,Furniture
CUST0906,Female,55,62828,2036,Automotive
CUST0907,Female,30,68604,3907,Accessories
CUST0908,Male,64,30526,7251,Electronics
CUST0909,Male,42,88910,9593,Electronics
CUST0910,Female,26,45592,3336,Home Appliances
CUST0911,Male,21,48982,2452,Accessories
CUST0912,Male,31,20207,2032,Home Appliances
CUST0913,Male,54,120969,8656,Accessories
CUST0914,Female,51,137181,5016,Accessories
CUST0915,Female,28,108733,5598,Automotive
CUST0916,Female,58,118936,1046,Home Appliances
CUST0917,Female,20,144982,9669,Automotive
CUST0918,Female,45,145839,1539,Accessories
CUST0919,Female,46,88619,7830,Electronics
CUST0920,Female,26,49328,4957,Accessories
CUST0921,Male,20,66479,440,Automotive
CUST0922,Male,42,128427,482,Home Appliances
CUST0923,Male,51,40103,9848,Home Appliances
CUST0924,Male,29,59891,8591,Automotive
CUST0925,Male,59,30754,238,Home Appliances
CUST0926,Male,26,119983,458,Furniture
CUST0927,Male,32,101437,5031,Electronics
CUST0928,Female,57,118540,9814,Electronics
CUST0929,Female,42,92982,3556,Electronics
CUST0930,Male,22,122747,1727,Home Appliances
CUST0931,Male,28,75922,9595,Home Appliances
CUST0932,Female,51,68231,6726,Accessories
CUST0933,Male,41,49301,5104,Accessories
CUST0934,Male,32,111652,9426,Electronics
CUST0935,Female,55,140787,6752,Furniture
CUST0936,Male,25,146823,6516,Accessories
CUST0937,Female,22,82711,3270,Accessories
CUST0938,Male,65,61323,3935,Home Appliances
CUST0939,Female,43,38752,8117,Furniture
CUST0940,Female,35,117912,2251,Electronics
CUST0941,Female,23,102205,9529,Accessories
CUST0942,Male,54,118452,7005,Furniture
CUST0943,Female,65,33395,2934,Furniture
CUST0944,Male,30,105957,9290,Electronics
CUST0945,Male,45,141237,2667,Furniture
CUST0946,Male,22,76273,1407,Furniture
CUST0947,Male,30,147431,8948,Furniture
CUST0948,Female,34,111878,2760,Accessories
CUST0949,Female,57,24895,3830,Electronics
CUST0950,Male,62,139968,6307,Furniture
CUST0951,Male,49,135700,3262,Furniture
CUST0952,Female,46,96559,1240,Accessories
CUST0953,Male,20,30699,8558,Electronics
CUST0954,Female,57,85061,1808,Home Appliances
CUST0955,Male,51,29715,3730,Accessories
CUST0956,Male,57,39169,3311,Electronics
CUST0957,Female,44,145436,6638,Furniture
CUST0958,Male,30,138413,9802,Electronics
CUST0959,Female,62,36163,575,Electronics
CUST0960,Male,50,139264,7784,Electronics
CUST0961,Male,23,25782,9268,Home Appliances
CUST0962,Male,41,108177,1307,Electronics
CUST0963,Female,36,149772,2060,Home Appliances
CUST0964,Male,33,144481,657,Furniture
CUST0965,Male,57,104328,982,Home Appliances
CUST0966,Male,45,135028,4861,Furniture
CUST0967,Male,50,55585,5967,Furniture
CUST0968,Female,65,50682,7063,Home Appliances
CUST0969,Female,58,67864,7266,Accessories
CUST0970,Male,30,149992,8029,Automotive
CUST0971,Female,60,104416,5447,Electronics
CUST0972,Male,62,75114,7369,Automotive
CUST0973,Male,42,147810,9902,Electronics
CUST0974,Male,59,58067,8225,Electronics
CUST0975,Female,53,62685,2554,Furniture
CUST0976,Female,44,142262,4594,Electronics
CUST0977,Female,55,38073,2046,Electronics
CUST0978,Female,24,56035,2908,Home Appliances
CUST0979,Female,22,84977,6742,Automotive
CUST0980,Female,60,122710,3925,Home Appliances
CUST0981,Female,62,110373,3636,Electronics
CUST0982,Female,48,103362,6168,Furniture
CUST0983,Female,40,110517,3902,Home Appliances
CUST0984,Male,59,85450,4799,Home Appliances
CUST0985,Female,27,30382,2070,Accessories
CUST0986,Female,49,24437,5906,Electronics
CUST0987,Female,60,90971,6242,Furniture
CUST0988,Female,47,84612,2919,Home Appliances
CUST0989,Female,56,110355,9194,Home Appliances
CUST0990,Female,48,81929,464,Furniture
CUST0991,Female,35,122411,4358,Electronics
CUST0992,Female,53,117518,3219,Accessories
CUST0993,Female,19,118864,1963,Home Appliances
CUST0994,Female,31,32329,215,Accessories
CUST0995,Female,30,145605,7184,Automotive
CUST0996,Male,46,45169,8116,Electronics
CUST0997,Male,29,107468,2484,Automotive
CUST0998,Female,56,54594,4035,Automotive
CUST0999,Female,19,96957,7842,Automotive
CUST1000,Male,49,80631,5542,Electronics
